﻿<?xml version="1.0"?>
<doc>
<assembly>
<name>
Rinenna
</name>
</assembly>
<members>
<member name="T:Rinenna.My.Resources.Resources">
<summary>
  A strongly-typed resource class, for looking up localized strings, etc.
</summary>
</member>
<member name="P:Rinenna.My.Resources.Resources.ResourceManager">
<summary>
  Returns the cached ResourceManager instance used by this class.
</summary>
</member>
<member name="P:Rinenna.My.Resources.Resources.Culture">
<summary>
  Overrides the current thread's CurrentUICulture property for all
  resource lookups using this strongly typed resource class.
</summary>
</member>
<member name="M:Rinenna.basDataBase.pf_DSN(System.String,System.String)">
 <summary>
 接続文字列を作成
 </summary>
 <param name="address">forwardedPortLocal.BoundHost</param>
 <param name="port">forwardedPortLocal.BoundPort</param>
 <returns></returns>
</member>
<member name="M:Rinenna.basKihon.EnableDoubleBuffering(System.Windows.Forms.Control)">
 <summary>
 コントロールのDoubleBufferedプロパティをTrueにする
 </summary>
 <param name="control">対象のコントロール</param>
</member>
<member name="M:Rinenna.basKihon.pf_CsvOpen(System.Boolean,System.Int32)">
 <summary>
 ファイル読込処理
 "Multi" True:複数選択、False:単体選択
 "def" 拡張子　CSVファイル　1　Excelファイル(xlsx)　2　Excelファイル(xls)　3  なし  4
 </summary>
 <param name="Multi">True:複数選択、False:単体選択</param>
 <param name="def">拡張子　CSVファイル　1　Excelファイル(xlsx)　2　Excelファイル(xls)　3  なし  4</param>
 <returns></returns>
</member>
<member name="M:Rinenna.basKihon.pf_SaveFileSelect(System.Int32,System.String)">
 <summary>
 名前を付けて保存ダイアログ
 </summary>
 <param name="def">保存拡張子　CSVファイル　1　Excelファイル　2　なし　3</param>
 <param name="defName">保存ファイル名（拡張子付き）</param>
 <returns></returns>
</member>
<member name="M:Rinenna.basNumericProcedure.GetAge(System.DateTime,System.DateTime)">
********0****+****0****+****0****+****0****+****0****+****0****+****0****+
 <summary>
 生年月日から年齢を計算する
 </summary>
 <param name="birthDate">生年月日</param>
 <param name="today">現在の日付</param>
 <returns>年齢</returns>
 '********0****+****0****+****0****+****0****+****0****+****0****+****0****+
</member>
<member name="M:Rinenna.basStringProcedure.IsHalfwidthKatakana(System.String)">
********0****+****1****+****2****+****3****+****4****+****5****+****6****+****
 <summary> 指定した文字列が、半角カタカナかどうかを示します。 </summary>
 <param name="c">評価する Unicode 文字。</param>
 <returns>c が半角カタカナである場合は true。それ以外の場合は false。</returns>
********0****+****1****+****2****+****3****+****4****+****5****+****6****+****
</member>
<member name="M:Rinenna.basStringProcedure.pf_strWarekiHenkan(System.DateTime,System.Int32)">
********0****+****1****+****2****+****3****+****4****+****5****+****6****+****
 <summary> 指定した日付を「昭和62年」のように年号を使った和暦に変換。 </summary>
 <param name="dt">dt=日付</param>
 <param name="dateType">dateType=戻値の形式 (1:年月日(曜日),2:年月,3:年,else:年月日)</param>
 <returns>変換した和暦。エラー時空白。</returns>
********0****+****1****+****2****+****3****+****4****+****5****+****6****+****
</member>
<member name="M:Rinenna.basStringProcedure.pf_dtpNendoHenkan(System.Windows.Forms.DateTimePicker@,System.DateTime)">
********0****+****1****+****2****+****3****+****4****+****5****+****6****+****
 <summary> 指定した日付を「昭和62年度03月」のように年度和暦に変換。 </summary>
 <param name="dt">DateTimePicker, 日付</param>
 <returns>変換成功の可否</returns>
********0****+****1****+****2****+****3****+****4****+****5****+****6****+****
</member>
<member name="M:Rinenna.basStringProcedure.EncloseDoubleQuotesIfNeed(System.String)">
********0****+****1****+****2****+****3****+****4****+****5****+****6****+****
 <summary>
 必要ならば、文字列をダブルクォートで囲む
 </summary>
********0****+****1****+****2****+****3****+****4****+****5****+****6****+****
</member>
<member name="M:Rinenna.basStringProcedure.EncloseDoubleQuotes(System.String)">
********0****+****1****+****2****+****3****+****4****+****5****+****6****+****
 <summary>
 文字列をダブルクォートで囲む
 </summary>
********0****+****1****+****2****+****3****+****4****+****5****+****6****+****
</member>
<member name="M:Rinenna.basStringProcedure.NeedEncloseDoubleQuotes(System.String)">
********0****+****1****+****2****+****3****+****4****+****5****+****6****+****
 <summary>
 文字列をダブルクォートで囲む必要があるか調べる
 </summary>
********0****+****1****+****2****+****3****+****4****+****5****+****6****+****
</member>
<member name="M:Rinenna.F_TOP.ReadCsvToDGV(System.Windows.Forms.DataGridView,System.String,System.Boolean,System.Boolean,System.Boolean,System.Boolean)">
 -----------------------------------------------------------------------------
 <summary>
 CSVファイルのDataGridViewへの読込処理
 （ReadCsv:CSVファイルの読込処理の利用による）
 </summary>
 <param name="dgv">DataGridView</param>
 <param name="astrFileName">ファイル名</param>
 <param name="ablnTab">区切りの指定(True:タブ区切り, False:カンマ区切り)</param>
 <param name="ablnQuote">引用符フラグ(True:引用符で囲まれている, False:囲まれていない)</param>
 <param name="ablnHeader">先頭行が列ヘッダ</param>
 <param name="ablnExtendColumn">列数の拡張を行う指示</param>
 -----------------------------------------------------------------------------
</member>
<member name="M:Rinenna.F_TOP.sCsvDataReg">
 <summary>
 CSVデータ登録。保存テーブルにも登録する。
 重複確認の処理もある。
 </summary>
</member>
<member name="M:Rinenna.F_TOP.ReadCsv(System.String,System.Boolean,System.Boolean)">
 -----------------------------------------------------------------------------
 <summary>
 CSVファイルの読込処理
 </summary>
 <param name="astrFileName">ファイル名</param>
 <param name="ablnTab">区切りの指定(True:タブ区切り, False:カンマ区切り)</param>
 <param name="ablnQuote">引用符フラグ(True:引用符で囲まれている, False:囲まれていない)</param>
 <returns>読込結果の文字列の2次元配列</returns>
 -----------------------------------------------------------------------------
</member>
<member name="M:Rinenna.F_TOP.sCsvDataReg_Sample">
 <summary>
  CSVデータの登録（一時登録用。履歴テーブルに保存はしない）
  重複確認の処理なし
 </summary>
</member>
<member name="M:Rinenna.F_実績表示.ReadCsvToDGV(System.Windows.Forms.DataGridView,System.String,System.Boolean,System.Boolean,System.Boolean,System.Boolean)">
 -----------------------------------------------------------------------------
 <summary>
 CSVファイルのDataGridViewへの読込処理
 （ReadCsv:CSVファイルの読込処理の利用による）
 </summary>
 <param name="dgv">DataGridView</param>
 <param name="astrFileName">ファイル名</param>
 <param name="ablnTab">区切りの指定(True:タブ区切り, False:カンマ区切り)</param>
 <param name="ablnQuote">引用符フラグ(True:引用符で囲まれている, False:囲まれていない)</param>
 <param name="ablnHeader">先頭行が列ヘッダ</param>
 <param name="ablnExtendColumn">列数の拡張を行う指示</param>
 -----------------------------------------------------------------------------
</member>
<member name="M:Rinenna.F_実績表示.ReadCsv(System.String,System.Boolean,System.Boolean)">
 -----------------------------------------------------------------------------
 <summary>
 CSVファイルの読込処理
 </summary>
 <param name="astrFileName">ファイル名</param>
 <param name="ablnTab">区切りの指定(True:タブ区切り, False:カンマ区切り)</param>
 <param name="ablnQuote">引用符フラグ(True:引用符で囲まれている, False:囲まれていない)</param>
 <returns>読込結果の文字列の2次元配列</returns>
 -----------------------------------------------------------------------------
</member>
<member name="M:Rinenna.F_棚卸し.s_ZaikoSyukei">
 <summary>
 更新前に構造体へ保存
 </summary>
</member>
</members>
</doc>
